DataSource,Eruption,Li_ppm,Ti_ppm,Rb_ppm,Sr_ppm,Y_ppm,Zr_ppm,Nb_ppm,Cs_ppm,Ba_ppm,La_ppm,Ce_ppm,Pr_ppm,Nd_ppm,Sm_ppm,Eu_ppm,Gd_ppm,Tb_ppm,Dy_ppm,Ho_ppm,Er_ppm,Tm_ppm,Yb_ppm,Lu_ppm,Hf_ppm,Ta_ppm,Pb_ppm,Th_ppm,U_ppm
Bachmannetal2014,CarpenterRidgeTuff,NA,NA,NA,NA,NA,NA,NA,NA,1557,NA,NA,NA,NA,NA,NA,NA,NA,NA,NA,NA,NA,NA,NA,NA,NA,NA,NA,NA
Bachmannetal2014,CarpenterRidgeTuff,NA,NA,NA,NA,NA,NA,NA,NA,547,NA,NA,NA,NA,NA,NA,NA,NA,NA,NA,NA,NA,NA,NA,NA,NA,NA,NA,NA
Bachmannetal2014,CarpenterRidgeTuff,NA,NA,NA,NA,NA,NA,NA,NA,3267,NA,NA,NA,NA,NA,NA,NA,NA,NA,NA,NA,NA,NA,NA,NA,NA,NA,NA,NA
Bachmannetal2014,CarpenterRidgeTuff,NA,NA,NA,NA,NA,NA,NA,NA,100,NA,NA,NA,NA,NA,NA,NA,NA,NA,NA,NA,NA,NA,NA,NA,NA,NA,NA,NA
Bachmannetal2014,CarpenterRidgeTuff,NA,NA,NA,NA,NA,NA,NA,NA,2572,NA,NA,NA,NA,NA,NA,NA,NA,NA,NA,NA,NA,NA,NA,NA,NA,NA,NA,NA
Bachmannetal2014,CarpenterRidgeTuff,NA,NA,NA,NA,NA,NA,NA,NA,818,NA,NA,NA,NA,NA,NA,NA,NA,NA,NA,NA,NA,NA,NA,NA,NA,NA,NA,NA
Bachmannetal2014,CarpenterRidgeTuff,NA,NA,NA,NA,NA,NA,NA,NA,2074,NA,NA,NA,NA,NA,NA,NA,NA,NA,NA,NA,NA,NA,NA,NA,NA,NA,NA,NA
Bachmannetal2014,CarpenterRidgeTuff,NA,NA,NA,NA,NA,NA,NA,NA,1465,NA,NA,NA,NA,NA,NA,NA,NA,NA,NA,NA,NA,NA,NA,NA,NA,NA,NA,NA
Bachmannetal2014,CarpenterRidgeTuff,NA,NA,NA,NA,NA,NA,NA,NA,752,NA,NA,NA,NA,NA,NA,NA,NA,NA,NA,NA,NA,NA,NA,NA,NA,NA,NA,NA
Bachmannetal2014,CarpenterRidgeTuff,NA,NA,NA,NA,NA,NA,NA,NA,2970,NA,NA,NA,NA,NA,NA,NA,NA,NA,NA,NA,NA,NA,NA,NA,NA,NA,NA,NA
Bachmannetal2014,CarpenterRidgeTuff,NA,NA,NA,NA,NA,NA,NA,NA,100,NA,NA,NA,NA,NA,NA,NA,NA,NA,NA,NA,NA,NA,NA,NA,NA,NA,NA,NA
Bachmannetal2014,CarpenterRidgeTuff,NA,NA,NA,NA,NA,NA,NA,NA,3295,NA,NA,NA,NA,NA,NA,NA,NA,NA,NA,NA,NA,NA,NA,NA,NA,NA,NA,NA
Curryetal2021a,SnowshoeMountainTuff,26.5,618.1,176.4,86.7,5.2,72,12.2,4.6,265.1514975,27.80319473,37.34674054,2.843674493,7.063460517,1.008607734,0.147391246,0.655893845,0.100864501,0.544314644,0.149392762,0.595419873,0.098036211,0.770772099,0.17254232,2.864369583,0.65166223,17.69850738,15.85331966,6.386804247
Curryetal2021a,SnowshoeMountainTuff,29.2,635.5,181.1,82.6,5.4,72.2,12,4.6,263.5973731,28.37393016,37.84729796,2.876137152,7.505990113,1.051298612,0.201074481,0.829133647,0.070571964,0.628608213,0.150705905,0.569749867,0.113333049,0.895563322,0.184112694,2.966090309,0.691381205,17.57125467,16.12574109,6.478656858
Curryetal2021a,SnowshoeMountainTuff,36.5,697.1,183.4,55.1,16.3,101.5,20.1,4.4,262.9869221,43.42698412,74.6487467,7.011708483,21.23361542,2.886536078,0.413339082,2.011295751,0.338590912,2.317641826,0.520304508,1.656028176,0.292553371,2.169615008,0.362787769,4.087413316,1.199429438,21.73077912,14.86904589,6.195082763
Curryetal2021a,SnowshoeMountainTuff,35.2,725.7,183.6,57.8,16.6,101.6,20.3,4.3,264.2656513,43.04590994,75.91606018,7.097168341,21.34925833,2.86826508,0.4363357,2.175697771,0.329177179,2.090971471,0.513525366,1.726190925,0.295416876,2.219916719,0.380318506,4.233082135,1.211003776,20.59733828,15.12501102,6.194969262
Curryetal2021a,SnowshoeMountainTuff,32,607.6,183,77.2,5.4,72.8,12.7,4.7,184.1735802,29.43006159,38.9784242,2.913223605,7.557022121,0.809062192,0.165892473,0.59150716,0.077473725,0.542284698,0.13894948,0.573728865,0.10050249,0.927149352,0.175423957,3.017875313,0.743115918,19.47082732,16.55017026,6.623499952
Curryetal2021a,SnowshoeMountainTuff,29.6,617.1,189.7,82.3,5.6,71.9,12.7,4.8,199.0255474,29.92641015,39.25266924,3.002035031,6.995775506,0.718936126,0.236783013,0.531041172,0.062899599,0.453533434,0.138148716,0.532686962,0.093783081,0.932579962,0.190395868,3.082803234,0.718829014,18.75447771,16.53423099,6.635930903
Curryetal2021a,SnowshoeMountainTuff,31.7,616,183.6,77,5.4,73.2,12.8,4.7,175.6349323,29.74197887,38.66790854,2.946225658,7.068857202,0.75496151,0.161542415,0.599487994,0.083583969,0.510661935,0.147923418,0.527808228,0.103259887,0.950145476,0.190436396,2.966620384,0.747648169,18.59472585,16.53831711,6.656459088
Curryetal2021a,SnowshoeMountainTuff,26.6,620.8,187.1,84.9,5.2,73.5,12.8,4.9,193.4562742,29.71082535,39.4442223,2.847012448,7.469512215,0.910687543,0.175880302,0.429631957,0.091469966,0.600913883,0.156773837,0.599118469,0.097164608,1.011778268,0.183156445,2.869478799,0.763533056,18.76037161,16.51722459,6.543054984
Curryetal2021a,SnowshoeMountainTuff,26,631.2,189.7,92.5,4.9,68.3,11.5,4.7,301.3956003,27.30277982,36.21290145,2.706664449,7.160950949,0.810109578,0.175892445,0.628044099,0.082307894,0.541035782,0.129875407,0.46221175,0.097015694,0.771306779,0.152109667,2.870246675,0.642897906,21.54940342,16.09674923,6.439698333
Curryetal2021a,SnowshoeMountainTuff,30.9,630.3,186,96.7,5.2,71.8,11.7,4.8,305.3043457,28.14020083,37.78576974,2.80691491,7.383156382,0.807312194,0.196955346,0.582352028,0.097111135,0.677034898,0.161351514,0.485007251,0.094694884,0.840989921,0.166759773,2.964883726,0.652361298,20.05757272,16.71789946,6.621793502
Curryetal2021a,SnowshoeMountainTuff,27.6,720,169.5,98.5,6.9,78.6,12.3,4.2,443.6145244,28.65521576,40.00428867,3.08861525,8.887860036,1.071860515,0.271601914,0.889021049,0.148581767,0.866057875,0.206472885,0.618812351,0.138731453,1.18086897,0.204215634,2.975644866,0.752539877,23.21068612,14.89265478,5.888878307
Curryetal2021a,SnowshoeMountainTuff,25.4,657.7,173.8,94.5,5.9,74.9,11.5,4.4,348.5178148,28.58676588,39.04306506,2.960633904,8.017938702,1.056223774,0.199802756,0.966599116,0.12239938,0.633240227,0.179588095,0.546128306,0.101774869,0.950931846,0.16047124,3.064199465,0.679997973,23.82893342,15.88266088,6.258032427
Curryetal2021a,SnowshoeMountainTuff,25.4,638.2,171.6,91,5.4,72.2,11.4,4.4,336.1313332,27.51244431,37.584556,3.009469004,7.882350711,1.078539827,0.218570056,0.75538713,0.106965354,0.691181389,0.141479924,0.561838076,0.100441408,0.906931904,0.172555701,2.884932217,0.649787143,23.18721026,15.64850845,6.189187124
Curryetal2021a,SnowshoeMountainTuff,23.3,632.3,168.9,89.5,5.6,72.5,11.9,4.3,352.4272582,26.91838026,36.89234498,3.039305769,8.273458316,1.102130452,0.205638368,0.817953457,0.117384358,0.710574386,0.15839487,0.598779418,0.109521281,0.878246388,0.163710875,2.687534844,0.694502926,24.45685631,14.55058448,5.86668555
Curryetal2021a,SnowshoeMountainTuff,25.6,640.3,172,83,5.6,73.1,12,4.4,240.5556666,28.11346852,37.52300969,2.831909012,7.240975692,0.846454314,0.209930164,0.65356801,0.089709867,0.698372275,0.140155386,0.587066254,0.103500738,0.842622385,0.173174137,2.936612583,0.699960077,23.17408249,15.64644244,6.111288384
Curryetal2021a,SnowshoeMountainTuff,25.8,594.8,175.1,78.9,5.4,69.1,11.7,4.5,221.9892978,28.05268108,37.10760254,2.761877135,6.704062672,0.94831054,0.234713796,0.603768633,0.094907,0.525350795,0.144255262,0.546012786,0.098502152,0.95033839,0.166377376,2.922961783,0.70492816,26.21502663,16.04015415,6.448409768
Curryetal2021a,SnowshoeMountainTuff,20.5,614.2,179.7,79.5,5.3,69.1,12.2,4.5,223.2340813,28.88080013,37.83072363,2.726556917,7.30992303,0.871617887,0.168820089,0.546209032,0.099671269,0.70848501,0.133523269,0.564028166,0.107370425,0.941797301,0.174133207,2.909497809,0.654323883,23.02861635,16.6129433,6.641389237
Curryetal2021a,SnowshoeMountainTuff,23.4,605.2,176.2,77.9,4.9,67,12,4.5,218.8695477,27.34141872,36.45110347,2.614519604,7.049252023,0.787518953,0.142515226,0.53456225,0.076728024,0.61973198,0.137455818,0.516087093,0.096061432,0.837944327,0.170523388,2.734397505,0.699493713,22.20077175,15.57640336,6.46234311
Curryetal2021a,SnowshoeMountainTuff,22,616,178,81,5,67.1,12,4.5,245.1331604,27.61742213,36.30713557,2.746111592,7.081539746,0.929501852,0.267555354,0.39758063,0.108152341,0.614894682,0.135836264,0.551428525,0.093227696,0.881423989,0.162502306,2.80704527,0.668021693,22.92620703,15.55195079,6.184705153
Curryetal2021a,SnowshoeMountainTuff,22,680,176,91.7,6.6,78.7,12.4,4.4,350.0588502,28.32753748,40.31761083,3.288828805,9.127686998,1.185764624,0.2657904,0.832640961,0.134815695,0.845073712,0.185025282,0.611215011,0.118528299,1.065987726,0.179524374,3.022158862,0.762400088,23.01924808,15.35127782,6.104744247
Curryetal2021a,SnowshoeMountainTuff,23.3,688.7,178.7,91.9,6.8,78,12.7,4.3,370.6688755,30.61962501,42.00517671,3.355816779,9.52563836,1.43060381,0.303023155,0.859288741,0.141194527,0.950066767,0.198454602,0.648952646,0.123934502,1.137715072,0.18508843,3.247963857,0.720758402,24.12102567,16.0831993,6.126316893
Curryetal2021a,SnowshoeMountainTuff,23.4,696,177.8,89.5,6.8,79.6,13,4.3,360.2883259,29.25135275,42.48061025,3.359173509,9.340117897,1.246054164,0.260580752,0.785807148,0.134846161,0.795206,0.20569895,0.661754748,0.116259496,1.072473666,0.194508093,3.02571809,0.737286761,23.1121812,15.56304161,6.234145729
Curryetal2021a,SnowshoeMountainTuff,18.5,1205.6,176.3,163.6,19.1,182.2,19.2,4.2,972.7851288,45.41011228,84.39518857,8.800904264,29.4909721,5.031471107,0.751242433,3.635647079,0.503499164,3.146767229,0.630882392,2.035317177,0.313109083,2.364997284,0.371701172,5.482472501,1.299725027,27.82559494,14.63353231,5.572977285
Curryetal2021a,SnowshoeMountainTuff,13.3,1161.5,165.1,156.5,17.4,169.4,18.6,4,899.7806001,40.80389365,77.13339151,8.060520744,26.04136368,4.179914074,0.614028853,3.20479838,0.470115866,2.899054909,0.591804563,1.791815296,0.285714135,2.064595152,0.316545141,5.208756215,1.278922807,24.60539914,13.35933691,5.341155235
Curryetal2021a,SnowshoeMountainTuff,16.4,1250.7,162.8,148.7,14.7,159.2,17.5,3.8,815.0268899,35.8415145,64.90089029,6.935614992,22.64949182,3.836638461,0.679334144,2.886327982,0.43091313,2.318972638,0.515729868,1.578348592,0.218049946,1.649974026,0.250734689,4.629949693,1.208069012,24.95171658,11.63045365,4.68313433
Curryetal2021a,SnowshoeMountainTuff,12.6,1133.4,166.8,156.3,15.5,164,17.7,4.1,829.5474215,37.28607994,70.02152171,7.192903163,23.74267315,4.015934017,0.635532314,2.879997706,0.436950815,2.648119296,0.526488088,1.714122583,0.266516184,1.759333942,0.291465767,4.812456052,1.197091419,21.85780718,12.21502015,4.853241514
Curryetal2021a,SnowshoeMountainTuff,13.6,1212.2,174.3,168.5,18.2,182.3,18.7,4.2,953.9651353,43.62527638,81.1415304,8.473369325,28.73460821,4.600424699,0.645083494,3.191922896,0.490102267,2.893726815,0.60608397,1.874117754,0.328712672,2.120280491,0.359459841,5.42841372,1.303152069,25.60292625,13.96888729,5.370065067
Curryetal2021a,SnowshoeMountainTuff,14.4,1308.1,179.8,180.6,20.1,191.4,19.3,4.2,994.3808783,46.48466183,85.58199346,9.259177753,30.61466149,4.975463976,0.785573099,3.420151675,0.527110206,3.309131154,0.660001936,2.074445558,0.332375133,2.217774517,0.359202548,5.653957584,1.36442391,26.74917335,14.68007053,5.58993441
Curryetal2021a,SnowshoeMountainTuff,17.9,1212.8,173.3,161.8,19.1,178.3,19.2,4.2,945.8256226,44.23929745,82.39984935,8.528550178,28.87531865,4.645478486,0.756533154,3.455536947,0.493122598,3.063550199,0.633607596,1.950710659,0.299491695,2.254890045,0.353327219,5.476268818,1.3274516,26.10271365,14.31742047,5.509085829
Curryetal2021a,NelsonMountainTuff,37.1,713.1,224.4,44.1,16.6,102.4,20.3,5,335.9861587,43.11815461,76.17081457,7.260052068,21.6514555,3.011867157,0.368548929,2.166013833,0.359453073,2.234153038,0.486061601,1.69778828,0.279951944,2.262575028,0.368435743,4.064456221,1.238120205,27.82864093,15.22000773,6.21097721
Curryetal2021a,NelsonMountainTuff,20.5,746.9,238.1,48.6,16.6,107.1,19.7,6.9,323.9444314,41.79771325,73.66166099,7.298069046,22.03212199,3.029041906,0.330070536,2.407527554,0.351505499,2.273708572,0.491236754,1.669523277,0.261263132,1.989997492,0.352524431,3.93353751,1.185468388,27.08197112,13.69652204,5.381789348
Curryetal2021a,NelsonMountainTuff,12.9,628.7,247.1,36.2,13.6,89.6,18.9,5.9,255.5110669,35.87146849,61.84995577,5.866036034,17.20416124,2.511055847,0.233149695,1.684216888,0.307308301,1.939163426,0.433291971,1.402396114,0.23138715,1.72043878,0.286331077,3.323712605,1.100411582,23.87607545,12.70263814,5.346026432
Curryetal2021a,NelsonMountainTuff,36.9,711.1,224.9,43.5,16.3,101.1,20.6,5,332.7220871,42.64563115,75.30245464,7.041142889,21.11863347,2.961304426,0.374109772,2.142918976,0.34637881,2.251040672,0.50419403,1.623569957,0.276002089,2.1594447,0.351914178,3.980452238,1.233343698,27.87802264,14.96404302,6.135824951
Curryetal2021a,NelsonMountainTuff,26.5,710.1,230.6,42.9,16.5,99.9,20.8,5.4,321.3955295,41.44284439,73.47293184,6.740793431,20.00853025,2.988100621,0.341594247,2.159407852,0.332758139,2.207284247,0.484509784,1.643955165,0.28614321,2.182493793,0.348413376,4.029430781,1.211940099,25.90835911,15.00150162,6.059043934
Curryetal2021a,NelsonMountainTuff,27.4,733.4,252.5,61.4,15.5,106.1,20.3,8.7,288.8219465,41.77033543,68.1059738,6.600828579,19.70718867,2.854510395,0.407188596,2.224131915,0.327788674,2.23348551,0.488237461,1.524954275,0.241190459,2.043123364,0.328604753,4.418688847,1.257713864,23.2332187,15.52491567,6.199365336
Curryetal2021a,NelsonMountainTuff,23,640.8,194.9,12.9,24.7,125.8,26.9,3.7,31.51591149,35.53041405,67.65796982,7.021371291,23.52636418,4.578410865,0.231231168,3.425190525,0.578086724,3.754147659,0.747319796,2.520475555,0.426996488,3.010065627,0.453057778,5.247202399,1.605226756,28.58939307,15.67075541,5.799120353
Curryetal2021a,NelsonMountainTuff,74.3,905.5,224.5,61.9,16,124.8,20.2,7,327.4714739,41.15882179,66.57010236,7.315528743,23.46586126,3.681701408,0.51650415,2.529072277,0.389196283,2.432768618,0.510268407,1.594841477,0.279893521,1.845082087,0.295867192,4.20709409,1.196524668,20.28963726,13.10440969,4.79027603
Curryetal2021a,NelsonMountainTuff,31.2,681.9,186.1,45.3,15.3,98.4,20.1,4.9,240.1740084,39.29177548,66.45981063,6.589639826,20.18689168,2.750831434,0.39801323,2.14145171,0.294529497,2.037646689,0.472108028,1.616317624,0.267252014,1.880943199,0.316472792,3.907569314,1.223534273,21.62731156,13.89775269,5.614615145
Curryetal2021a,NelsonMountainTuff,58.8,963.1,202.2,67.1,19,141.2,22.1,6.2,414.5707078,45.79042929,79.90712447,8.375284586,27.81005841,4.297473962,0.622510875,2.96254559,0.464954676,2.894685819,0.63629523,1.958413318,0.312154519,2.364027296,0.367060977,4.915590959,1.340956801,22.13726525,13.77275322,5.292166799
Curryetal2021a,NelsonMountainTuff,20.3,646,195.1,13.4,25.5,125.6,27.1,3.8,34.75800742,36.01346685,69.48197464,7.296513183,23.60210179,4.42528092,0.238365149,3.622819783,0.590916707,3.833103547,0.853284849,2.520304163,0.40744982,3.140648697,0.45863525,5.215722051,1.611403713,26.88722877,15.78552994,5.805064565
Curryetal2021a,NelsonMountainTuff,25.1,632.2,191.2,11.5,23.1,113.4,27,3.6,31.88651011,33.13719971,65.54348344,6.992378396,22.29853358,4.059328267,0.215256202,3.45011445,0.558114245,3.435404405,0.726182839,2.34410554,0.368365124,2.664623,0.389951578,4.706873295,1.572850921,25.80102215,14.62000512,5.694462833
Curryetal2021a,NelsonMountainTuff,21.6,634.8,192.6,12.7,23.5,117.1,27.1,3.6,32.00297098,33.76823367,67.18040843,6.979833674,22.9896883,4.201919602,0.222551479,3.650446571,0.54130678,3.605271978,0.75002914,2.493799309,0.391479918,2.714430224,0.402879231,4.807730169,1.572329283,26.58882038,14.93540947,5.778881659
Curryetal2021a,NelsonMountainTuff,15.5,631.1,200.2,8.8,22.2,117.7,26.9,3.4,26.24840655,32.05675078,62.16346574,6.504768298,21.5360047,4.188097008,0.19456324,3.063921715,0.503832851,3.348116382,0.688570671,2.188338588,0.340984641,2.690395544,0.394025707,4.779442337,1.594332215,30.0021474,13.78968395,5.24376685
Curryetal2021a,NelsonMountainTuff,21,627.7,188.1,9.1,23.6,118.2,27.1,3.5,29.95810973,33.95361939,66.54700469,7.001339378,23.19003966,4.173536555,0.242204486,3.553511695,0.550751004,3.718109623,0.747916304,2.412825844,0.392156691,2.739792074,0.419306248,4.98342886,1.615642183,24.94814304,15.10079246,5.747232543
Curryetal2021a,NelsonMountainTuff,20.7,640.8,191.2,9,24.2,120.8,27.2,3.5,30.39086797,34.34085038,67.1601784,7.08932498,23.3533628,4.500832541,0.224113542,3.61490929,0.575341273,3.610203648,0.760038368,2.483368123,0.392913115,2.805624012,0.426664527,4.913194817,1.623388947,25.41348872,15.21960533,5.774574955
Curryetal2021a,NelsonMountainTuff,16.5,620.1,188.8,9,23.8,118.3,26.9,3.5,29.52327578,33.22324881,65.35439009,6.846592965,22.08285516,3.96214892,0.244543505,3.497379389,0.527897674,3.474207465,0.772525573,2.361806086,0.383980324,2.775145698,0.426546897,4.824086662,1.600992955,22.94594395,14.52149503,5.554469356
Curryetal2021a,NelsonMountainTuff,26.8,606.8,231.2,7.8,21.4,113.2,26,3.5,26.21949333,31.97545656,64.46318367,6.68531714,20.83688078,3.947982037,0.225839567,3.261250066,0.518602305,3.283801067,0.679553506,2.206015012,0.343462517,2.513441927,0.38768802,4.518641597,1.507478238,26.80214272,13.74837632,5.553735377
Curryetal2021a,NelsonMountainTuff,17.8,605.3,231.7,7.6,20.8,109.8,25.9,3.4,25.98286125,31.23055356,64.51013364,6.567687361,20.94419022,3.978929346,0.213483843,3.112848104,0.487161137,3.197881863,0.679734436,2.17665722,0.336239898,2.451429298,0.377474806,4.369093356,1.470768722,26.21824071,13.45283801,5.641638838
Curryetal2021a,NelsonMountainTuff,29.8,615.5,247.2,7.8,21.5,113.3,26.1,3.5,26.36494743,32.16187672,65.27743618,6.719401004,21.44710905,4.183300553,0.203338321,3.291310503,0.509629334,3.399895481,0.70504404,2.264396773,0.355762137,2.630612569,0.400409209,4.53283162,1.49812426,26.67835532,13.81771289,5.594253786
Curryetal2021a,NelsonMountainTuff,27.82,602.13,247.05,7.69,21.23,112.07,25.86,3.47,26.05085945,31.75092914,64.28962788,6.636394285,21.16655664,4.030631416,0.197938171,3.15429943,0.514587294,3.250112653,0.693787479,2.179782463,0.353648155,2.516904909,0.385843546,4.43950713,1.463371704,26.31163801,13.61630937,5.568391997
Curryetal2021a,NelsonMountainTuff,50.3,600.7,251.6,7.6,21.2,110.7,25.8,3.4,26.27821857,31.60906785,64.44028848,6.591565925,21.04442521,3.902052272,0.205858401,3.19734644,0.486155148,3.261977421,0.705229812,2.258274958,0.349852567,2.529682736,0.385394079,4.437498344,1.494136459,26.20815616,13.57478355,5.587311375
Curryetal2021a,NelsonMountainTuff,19.8,621.4,240.5,8.2,22.3,114.6,26.3,3.5,28.21785021,32.81083038,66.46495293,6.870613775,21.56049989,4.085091482,0.220862765,3.218531722,0.529242882,3.44732999,0.732529413,2.280198329,0.367367573,2.648040801,0.411498345,4.656006118,1.530529391,28.386436,14.25128447,5.713012066
Curryetal2021a,NelsonMountainTuff,29.3,609.9,221.4,7.8,21.6,113.3,26,3.5,26.46257364,32.30526231,65.35705418,6.754003364,21.20490068,4.032383953,0.203381821,3.258693694,0.525594498,3.363463307,0.705776703,2.306074112,0.358604509,2.52104483,0.392466683,4.579497819,1.525863001,27.4953185,13.88133233,5.606566255
Curryetal2021a,NelsonMountainTuff,47.4,616.7,208.9,7.9,22.5,114.9,26.5,3.4,26.31414465,32.59113082,64.8870246,6.715372259,21.65093364,4.121413393,0.244585741,3.271501052,0.519371858,3.407259979,0.707631104,2.231953695,0.355869358,2.603917556,0.388820508,4.625586069,1.548021326,27.03060346,14.00684655,5.447237929
Curryetal2021a,NelsonMountainTuff,40.7,616.9,200.7,7.7,22.6,115.9,26.4,3.5,27.00821613,32.55795589,64.67363388,6.662717108,21.50195715,3.97675656,0.204720843,3.273346577,0.530903852,3.316201661,0.715613098,2.267082854,0.361152855,2.596696428,0.402196552,4.646980344,1.532922938,26.44907472,13.98666089,5.549125222
Curryetal2021a,NelsonMountainTuff,11,636.4,233.6,8.7,23.7,117.9,26.9,3.6,29.49540591,33.94185585,66.56089844,7.136634609,23.09673404,4.43592669,0.247334354,3.380400569,0.52474015,3.669841902,0.750791553,2.442553795,0.391210905,2.704586511,0.423031802,4.766362356,1.558972968,29.63210821,14.82922733,5.625228813
Curryetal2021a,NelsonMountainTuff,11.6,646.6,285.8,9.3,24.5,123.8,27,3.7,28.5081549,35.08477456,68.8360745,7.256520825,23.71973739,4.331558971,0.221810602,3.673231341,0.545209264,3.655358643,0.762767779,2.455213733,0.407019637,2.86201357,0.434140623,4.890030784,1.628984578,27.24367383,15.40032058,5.800027968
Curryetal2021a,NelsonMountainTuff,16.4,637.3,291.8,8.4,23.4,118.8,27,3.6,27.96431875,33.54460681,66.43337533,6.932029431,21.99857087,4.218421565,0.216091968,3.411562973,0.554551181,3.526706081,0.758831505,2.324105114,0.370017127,2.664182742,0.406103111,4.755381387,1.571907556,21.17859523,14.50420169,5.531692397
Curryetal2021a,NelsonMountainTuff,18.1,620.6,258.5,8.2,22.7,117.1,26.5,3.5,27.55053705,33.2546963,65.26570196,6.781820496,21.91113929,4.071037334,0.212740307,3.293013419,0.517991556,3.537284901,0.724009523,2.268247558,0.351041554,2.479883883,0.407228439,4.775789907,1.5464098,26.75577924,14.22838124,5.561956781
Curryetal2021a,NelsonMountainTuff,38,627.7,238.3,8.2,23.7,118.9,26.8,3.6,28.25476187,34.08182837,67.62812975,6.968697036,22.30754713,4.267432963,0.19462279,3.517160995,0.540985967,3.493151815,0.768621766,2.353326046,0.377301104,2.776713878,0.413152344,4.798313334,1.534231398,27.82950014,14.46435046,5.626879188
Curryetal2021a,NelsonMountainTuff,23.4,617.8,256.7,8.2,22.8,116.1,26.5,3.6,26.97617145,32.90882456,65.39606721,6.684198247,21.33485486,4.016668902,0.208431113,3.22604552,0.542696003,3.477700473,0.720893407,2.302098141,0.344309937,2.589550224,0.406509394,4.662412299,1.528000872,24.9678866,14.11672101,5.465788449
Curryetal2021a,NelsonMountainTuff,38.7,622.2,249.9,7.9,22.4,114.7,26.9,3.5,26.25688163,32.70215749,65.58896257,6.657869521,21.72517747,4.14289883,0.226874359,3.129744196,0.532860438,3.373978507,0.718752465,2.294011954,0.35564612,2.535955998,0.39253446,4.670577869,1.522956466,23.63968285,13.93458471,5.494904425
Curryetal2021a,NelsonMountainTuff,56.9,620.9,198.3,7.9,23.1,115.4,26.7,3.5,26.32919477,33.05111952,65.86946005,6.852001546,21.78770479,4.003682591,0.22377752,3.345321472,0.534334015,3.573168695,0.741894735,2.341847697,0.361394761,2.590757495,0.409351479,4.678422591,1.539502134,27.33677379,14.23751722,5.506072205
Curryetal2021a,NelsonMountainTuff,40.6,623.2,198.6,8,23,117.8,26.7,3.4,26.61693614,33.05651697,65.6895333,6.803956706,21.96626226,4.16183891,0.206731994,3.268208243,0.517214845,3.358432869,0.713841651,2.380365369,0.361944693,2.619375786,0.417102077,4.721172978,1.547826965,27.86871238,14.19349088,5.541038968
Curryetal2021a,NelsonMountainTuff,46.9,625.5,201.7,7.8,22.5,115,26.7,3.6,26.29922998,32.64709772,65.00713308,6.644013382,21.51696922,3.974314909,0.214600024,3.263657309,0.516852319,3.368915547,0.71403531,2.259633807,0.357829363,2.591610541,0.411161471,4.624877746,1.538840156,27.08909785,13.99430702,5.438331177
Curryetal2021a,NelsonMountainTuff,11.3,610.6,260.6,8.3,22.7,116,26.6,3.5,26.80384621,32.79299234,65.15642786,6.727767119,21.55949402,4.211600681,0.213638302,3.301841443,0.529122177,3.366306956,0.708394596,2.217956767,0.350141159,2.589524426,0.403735097,4.641395155,1.551025459,26.03227428,14.16087476,5.486999991
Curryetal2021a,NelsonMountainTuff,13,612.3,218.2,8.1,22.4,114.9,26.6,3.5,26.66939997,32.91334356,65.33021304,6.729026573,21.57644408,4.030600717,0.19060229,3.353726376,0.549204788,3.384458673,0.727083023,2.270600089,0.362903548,2.52517253,0.395712002,4.618460536,1.534496022,26.55038605,14.12808468,5.480290769
Curryetal2021a,NelsonMountainTuff,3.2,638.5,201.7,8.7,24.5,121.5,27.3,3.5,29.17774474,34.6518647,66.77362362,7.017174123,22.56308427,4.521099281,0.209820774,3.505588865,0.573963927,3.632919506,0.769087188,2.516495727,0.381153618,2.831522065,0.422122885,5.037796511,1.62552788,29.66070268,15.40840143,5.742594097
Curryetal2021a,NelsonMountainTuff,4.8,630.3,193.8,8.4,22.8,117.5,26.8,3.5,28.66528821,32.95568311,65.35248718,6.628411659,21.69879687,4.040412805,0.218499031,3.160612563,0.545153784,3.501503378,0.738196308,2.296773594,0.343181694,2.618750671,0.398356052,4.714121978,1.530512107,28.18877157,14.3499278,5.670134159
Curryetal2021a,NelsonMountainTuff,3.9,625.2,196.1,8.5,23.6,117.1,27,3.6,28.41161203,33.58784979,66.34558369,6.967683578,22.3883963,4.358367532,0.223013195,3.479762332,0.589679998,3.700672189,0.778282392,2.437648772,0.387755023,2.689740369,0.416945611,4.846396986,1.583050344,28.97354879,15.00116969,5.698152871
Curryetal2021a,NelsonMountainTuff,20.4,790.6,181.3,32.4,28.3,132,21.1,5.7,127.6494924,52.23589002,96.60165478,10.36749219,36.62254216,6.249495342,0.618169376,4.878277269,0.731404026,4.54899883,0.972780464,3.060366972,0.460700257,3.27896477,0.482351956,4.814858768,1.449521684,26.55148906,23.17060159,8.160752757
Curryetal2021a,NelsonMountainTuff,3.1,629.5,204.1,8.9,24,119.4,27.3,3.6,30.07426771,34.52177029,67.2930841,7.168379249,22.7393643,4.515982214,0.237738199,3.804596459,0.581323659,3.642659395,0.756633409,2.542383266,0.379166009,2.857204939,0.447206862,4.970083393,1.592738649,29.20680282,15.28398532,5.699926311
Curryetal2021a,NelsonMountainTuff,5.8,637.6,184.3,8.8,23.4,116.7,26.7,3.5,27.70417727,33.84761599,66.06976663,6.834042579,21.83316037,4.419830453,0.221528407,3.478275696,0.561626634,3.503104789,0.72716459,2.461556321,0.370849883,2.750417978,0.423507398,4.874116449,1.568385973,28.08630996,14.71637849,5.568522001
Curryetal2021a,NelsonMountainTuff,4.6,573.5,225,5.6,27.6,117.3,32.9,4.4,21.96337469,29.29192266,60.31746333,6.658002956,21.80381098,4.530395132,0.199095842,3.862820257,0.664547271,4.301443514,0.865153239,2.736251423,0.42728733,3.09840569,0.482913227,5.147508416,1.967856007,30.97205858,17.74740034,6.901886113
Curryetal2021a,NelsonMountainTuff,4.7,569.5,220.1,5.5,25.7,109,32.3,4.2,20.89472354,27.90979943,58.56110907,6.392601421,20.76451216,4.442912659,0.173818375,3.615628114,0.611824218,3.904823606,0.808736346,2.66221595,0.398900588,2.922620716,0.454953249,4.947079842,1.897465694,29.69809048,16.61357588,6.939319494
Curryetal2021a,CebollaCreekTuff,23.6,1145.4,181.2,177.8,17.2,167,17.9,4,900.0604398,40.5764823,76.96168577,7.855881138,27.56401439,4.446089772,0.672840148,3.171166457,0.454124588,2.705798455,0.556540451,1.683580615,0.280404326,2.009141043,0.339369714,4.830080788,1.145836676,24.43502249,12.46020869,5.028670972
Curryetal2021a,CebollaCreekTuff,24.1,1170,178.7,179.5,17.7,173.7,18.4,4.1,922.2287311,41.63819441,79.64402128,8.259982887,26.7605878,4.557947178,0.782490965,2.850103064,0.442768579,2.917641773,0.578675001,1.742868095,0.273789898,2.03174238,0.316274289,4.963682284,1.217428594,23.76764734,12.98482358,5.226510033
Curryetal2021a,CebollaCreekTuff,23.3,1188,174.5,182.1,17.6,172.6,18.5,4.2,931.2037097,42.1378139,81.42137226,8.336125849,28.47179485,4.667792552,0.807297692,3.29992218,0.456626678,2.760395424,0.577374247,1.890393474,0.29070892,2.098853912,0.342979806,5.290071735,1.254685975,23.67264502,13.16631732,5.478553254
Curryetal2021a,CebollaCreekTuff,20.2,1177.3,173.6,181.7,17.5,174.6,18.1,4.2,917.7293804,42.8816586,81.46532714,8.486336774,28.7001087,4.754634252,0.798745198,3.734072757,0.459816349,2.793852466,0.589141099,1.819232439,0.293032522,2.071623023,0.325202484,4.997555998,1.176464367,24.50040053,13.1689045,5.461215464
Curryetal2021a,CebollaCreekTuff,16.3,1129.8,187.8,170.2,17.5,167.5,18.2,4.8,919.073923,41.88865279,79.726007,8.292613988,27.4921354,4.428761675,0.770941518,2.970562375,0.463405544,2.783628372,0.585582588,1.859755506,0.275329125,2.03898807,0.339806085,4.810623091,1.247810667,24.93458885,12.96458325,5.208813643
Curryetal2021a,CebollaCreekTuff,19.1,1175.7,180.5,181.3,19.1,176,18.9,4.6,953.345519,44.17754104,83.56032617,8.607969691,29.86740059,4.887742911,0.842960822,3.394402655,0.509129218,3.190652159,0.636629709,1.937346032,0.309795166,2.238272944,0.338359792,5.180324588,1.286011205,25.58815799,13.97444503,5.524579727
Curryetal2021a,CebollaCreekTuff,22.2,1174.7,183.3,182.2,18.4,177.7,18.8,4.4,960.9793129,44.35918066,82.89624363,8.618269826,30.24322437,4.798991983,0.886394552,3.305100448,0.471565472,3.015500183,0.613424588,1.974265454,0.308512906,2.197430311,0.347730323,5.373460034,1.276734348,26.56518204,14.21658943,5.54910563
Curryetal2021a,CebollaCreekTuff,24.1,1157.2,177.9,179.5,18.3,171.5,18.7,4,941.4733471,43.00096097,82.6388806,8.531523725,28.40754441,4.492928565,0.831517489,3.148375775,0.478354035,3.010847864,0.608391934,1.843915937,0.281730989,2.136972746,0.349621528,5.318229603,1.254916566,24.31027167,13.71995291,5.519703136
Curryetal2021a,CebollaCreekTuff,17.2,1123.9,160.5,151.4,18,172.6,18.7,3.9,909.9177904,43.12863432,81.515737,8.747697836,29.06760551,4.914632182,0.797040566,3.107552136,0.456397905,2.988772435,0.625137703,1.884865277,0.297243208,2.175067026,0.333538309,5.109711094,1.240511364,24.21840766,13.75747368,5.508459492
Curryetal2021a,CebollaCreekTuff,16.2,1237.5,159,193.5,20,188.5,18.9,3.9,967.7699858,45.9856389,86.21199282,9.074678391,27.95416144,5.137748119,0.921294077,3.610471184,0.543777983,3.31368442,0.647793881,1.967144219,0.347014553,2.224689106,0.390058461,5.825318087,1.316955094,27.25227999,14.29129267,5.353802101
Curryetal2021a,CebollaCreekTuff,12.5,1235.3,162,195.4,21.2,197,19.5,4,1020.891903,46.90720442,91.01949329,9.519486879,31.36968428,5.73281903,1.051644409,3.140370513,0.503884203,3.001262228,0.743088248,1.920879017,0.328809895,2.729180041,0.383375319,5.808500294,1.193762513,24.49062433,14.313569,5.422268692
Curryetal2021a,CebollaCreekTuff,13.4,1226,168.2,184,18.9,184.9,18.9,4.3,980.1403926,45.43791068,84.99481691,9.004235174,29.7574078,4.866173766,0.809623572,3.532604396,0.479129834,3.272054058,0.612019045,1.996160559,0.305264445,2.309623489,0.361053485,5.44651804,1.281593131,23.37186644,14.19605205,5.544719313
Curryetal2021a,CebollaCreekTuff,18.9,1218,165.1,184.8,19.8,181,19.3,4.1,974.3187976,45.68162888,85.96116406,8.95533034,31.9212012,5.404864793,0.832380953,3.567515943,0.507227736,3.413577054,0.645002922,2.044289992,0.340418979,2.31402724,0.349628143,5.538344272,1.317236717,24.77731777,14.67607544,5.70304971
Curryetal2021a,CebollaCreekTuff,18.7,1160.5,160.4,170.7,18,170.4,18.6,4,907.6146797,42.83008521,81.0417145,8.506865367,28.29399884,4.809826989,0.761646776,3.347060999,0.471993174,3.079367599,0.613914257,1.888672956,0.311067918,2.210767672,0.316304101,5.162740783,1.253945136,22.93578185,13.59661946,5.490292389
Curryetal2021a,CebollaCreekTuff,20.5,1177.2,162.6,175,18.6,173.2,19.3,4,933.5699184,42.7545692,82.78470893,8.703935088,29.41199182,4.613739351,0.767537725,3.384881828,0.507318466,3.050615334,0.622640336,2.0175875,0.290256076,2.167422905,0.344812209,5.136581382,1.318490709,23.62057765,13.7708767,5.600840119
Curryetal2021a,CebollaCreekTuff,20.7,1155.4,162.7,167.5,17.3,158.4,18.7,4,890.9058532,40.72044566,80.51304914,8.293230352,26.75966778,4.54936144,0.755812026,3.204839797,0.469784277,2.654026607,0.585004307,1.800269189,0.29171021,2.004672717,0.331656705,4.915133667,1.207602787,22.87164317,12.8910467,5.483133164
Curryetal2021a,CebollaCreekTuff,20.1,1186.1,152.1,155.3,15.6,151,18.2,3.8,833.53763,37.06925813,74.49045753,7.557883735,25.57678844,3.6331792,0.685329865,2.699628175,0.401720829,2.508847408,0.504818842,1.558537772,0.256846234,1.949338519,0.30996725,4.623091236,1.128681026,22.77608966,11.66892894,5.311609045
Curryetal2021a,CebollaCreekTuff,21.5,1855.4,162.9,156.8,17,193.5,27.5,4,848.3897087,38.83881415,71.99673023,7.966250446,27.54018749,4.351976006,0.708675974,2.994446986,0.432467015,2.896592997,0.631955491,1.836312088,0.27113875,2.071221572,0.352497701,5.752557308,1.595513164,22.51262347,13.69253079,5.043059426
Curryetal2021a,CebollaCreekTuff,15.9,1251.5,168.8,158,20,204.3,19.6,4,891.1771684,44.06578065,84.45427024,9.047150483,30.43872109,4.898321307,0.86482592,3.569832256,0.509907684,3.210156673,0.660848197,2.211235983,0.36434386,2.768989747,0.355357509,6.089543759,1.343158387,23.87900794,15.69022907,5.794754138
Curryetal2021a,CebollaCreekTuff,18.9,1208.1,166.4,190.3,19.5,185.1,19.1,4,973.8234632,45.3552355,85.74035123,8.983715987,30.86516062,4.813768621,0.78984857,3.717951418,0.452910503,3.120726977,0.661186544,2.081264153,0.30428969,2.463494991,0.35934334,5.570072965,1.369515402,24.63723504,14.59675121,5.562720003
Curryetal2021a,CebollaCreekTuff,16.3,1240.4,167,187.4,18.7,186.1,18.6,3.9,977.9485798,44.83048439,86.69921152,8.61355311,30.40732805,4.907062234,0.855118068,3.670071685,0.554459155,3.128456083,0.617872656,1.821174085,0.298909154,2.586038605,0.365423369,5.507064038,1.320945854,24.35029689,14.33085015,5.491084875
Curryetal2021a,RatCreekTuff,8.2,837.9,167.8,29.5,32.1,115.5,21.8,5,247.68815,42.11853235,84.97397678,10.1700526,37.47691682,7.669352591,0.986685463,6.40090226,0.990339434,5.422415597,1.096337327,3.260174382,0.504284093,3.280593317,0.480043565,4.578894017,1.358263237,26.04083647,12.82044997,5.208541178
Curryetal2021a,RatCreekTuff,5.5,867.2,177.6,28.3,33.4,115.1,21.7,5.4,234.7855403,42.81469471,87.40125391,10.50483345,38.36304672,7.6320724,0.960897078,6.420783325,0.894209379,5.755979684,1.157445566,3.410015235,0.487608601,3.477926634,0.488582543,4.4767388,1.376413464,24.11895986,12.79649816,5.201832443
Curryetal2021a,RatCreekTuff,5.1,902.9,179.1,29.4,33.4,125.1,22.1,5.3,248.2826469,46.43221442,94.38561414,10.97667927,40.78641067,7.781278197,1.001530967,6.333192939,0.91588519,6.039704416,1.122705077,3.427093532,0.519540858,3.443221208,0.520030868,4.676599766,1.405554436,23.92144532,13.05364327,5.041994903
Curryetal2021a,RatCreekTuff,5.4,895.2,178,29.5,33.5,121,22,5.5,260.870458,44.39769607,90.65151794,10.34646742,38.78995488,7.610667442,0.910323519,6.274077492,0.91272565,5.809256808,1.157438715,3.464809373,0.476574996,3.456495472,0.487166897,4.577006607,1.373976379,24.15065823,13.11165727,5.0639226
Curryetal2021a,RatCreekTuff,6.636708462,891.4749869,166.5216702,31.31283669,31.14484265,120.5880494,21.42082108,5.195385608,296.7420138,44.17715492,89.81563618,10.42277574,38.83121893,7.257911393,0.986756399,6.284363149,0.881081677,5.448623538,1.112329442,3.29286892,0.461133379,3.238747023,0.462532413,4.633233785,1.381663648,23.70295106,12.46527893,4.968282634
Curryetal2021a,RatCreekTuff,7.227076797,867.7732465,185.6110906,35.65949159,27.43861862,134.5486725,20.68005122,5.406228901,152.6683835,54.66028651,102.5926391,11.01033063,38.47371969,7.043937655,0.597034419,4.919496874,0.7904498,4.684487934,0.917994017,2.855740053,0.41398488,3.012509208,0.444901424,4.905908923,1.431384102,26.63301004,22.06810462,7.916472875
Curryetal2021a,RatCreekTuff,6.852201141,888.9865091,185.5816237,35.6983432,27.96950532,136.5946897,20.61236528,5.612869381,153.7223801,54.69404736,103.6077445,10.80647293,38.65490948,6.790836432,0.667472406,4.46428896,0.725879672,4.798088816,0.929938976,2.867488974,0.471352811,3.187827731,0.444087622,5.120513398,1.41343405,26.33149919,22.26316077,7.729801011
Curryetal2021a,RatCreekTuff,11.3904205,846.7464351,178.3230207,33.29884636,25.8835941,134.3307873,20.69882691,5.437211806,141.1618363,53.35818426,99.6275242,10.54790139,37.31069875,6.368683549,0.691136578,4.902284924,0.710515912,4.639640082,0.923538096,2.762773312,0.409778871,2.904402169,0.41887029,4.649360028,1.360437016,25.59397605,21.26423886,7.801532324
Curryetal2021a,RatCreekTuff,9.805019123,839.7272158,180.4985438,33.27221554,26.13245308,130.2796389,20.56212882,5.483501162,143.4161777,52.60200086,100.0276008,10.8007921,37.94421124,6.420035818,0.678375101,5.199049168,0.703779495,4.430884027,0.885170682,2.655084344,0.415763401,2.842016891,0.439166613,4.80020897,1.341573276,25.18287084,21.11505455,7.772532488
Curryetal2021a,RatCreekTuff,10.2001951,826.2424028,179.0859484,33.02064192,25.37757978,129.3523699,20.43030541,5.420530214,141.340849,50.86553698,98.47674003,10.48889218,36.41759748,6.220111678,0.620402485,4.698970637,0.728298421,4.20661373,0.905745111,2.655898266,0.412564065,2.884480155,0.439159395,4.68937035,1.353212019,25.2832282,20.75502833,7.919532237
Curryetal2021a,RatCreekTuff,7.880185215,853.2935738,178.9643261,34.32993679,24.87719382,123.5796886,19.62686053,5.316353539,141.5261503,49.69634916,96.14049163,10.25840248,34.71590694,5.855213968,0.668900456,4.793568828,0.699225949,3.939038638,0.854268464,2.694215064,0.405989922,2.833675834,0.419922714,4.635042399,1.32593779,24.60072333,20.01661167,7.760542003
Curryetal2021a,RatCreekTuff,6.553874261,883.5487129,193.3159295,38.79714061,28.59480051,139.488187,20.80069187,5.41880274,149.4366531,54.98341285,103.7589922,11.23797975,38.82345513,7.330836523,0.67847273,5.850676599,0.798983221,4.793310758,0.983874648,2.879134028,0.427087769,3.04571591,0.46524152,5.237294277,1.440302342,26.23609495,22.41377628,8.089375482
Curryetal2021a,RatCreekTuff,7.419355747,876.4866454,192.5598831,38.82025708,27.09276826,136.1115617,20.80929983,5.658122638,145.9287022,53.85518196,102.36943,10.93616828,38.50130724,6.458954447,0.676146643,4.989400986,0.744875715,4.544478106,0.929023143,2.81306598,0.444859916,3.101580774,0.437017408,4.904996634,1.45229724,26.58804063,21.84430331,7.863553486
Curryetal2021a,RatCreekTuff,8.151484161,881.5823028,191.8591452,40.14206838,27.67306582,141.8453507,20.97402476,5.673405738,146.6209623,54.67754262,102.5607625,11.28617093,38.5521523,6.664148314,0.641543113,5.214908019,0.743105789,4.53191144,1.004976118,2.954335176,0.461021864,3.25821804,0.46286191,4.719898644,1.403891426,26.00077855,21.91202063,7.923183428
Curryetal2021a,RatCreekTuff,11.77457779,904.5982072,180.8233059,43.48243802,25.59599994,129.3855862,20.44224621,5.594244474,146.2116404,50.91609816,99.72636228,10.4349122,37.82528233,6.353021852,0.577124206,4.765810957,0.713187229,4.351283959,0.845031536,2.577129849,0.396328145,2.519282338,0.417739179,4.719538435,1.34175041,24.13020294,20.25607401,7.741172127
Curryetal2021a,RatCreekTuff,7.230104664,915.0085554,177.6912277,23.40005114,33.38964692,124.3460783,22.1672497,5.593954419,217.2332251,45.96146271,93.79155199,10.80650507,40.24114861,7.752971682,0.846253166,6.912975098,0.966085772,5.95678687,1.223362842,3.75234252,0.51559111,3.450155187,0.467891863,4.984063986,1.440023927,24.71884327,13.10544866,5.170622262
Curryetal2021a,RatCreekTuff,7.889385452,914.1294497,177.4185457,24.15817495,32.53856897,120.394161,22.02556183,5.491651938,209.7380176,43.94425888,89.42768209,10.61842987,38.9886878,7.544990522,0.944144183,6.507664378,0.900492909,5.745475872,1.133453977,3.373057229,0.502457501,3.313526318,0.481480088,4.695121051,1.399445508,23.25448848,12.9955973,5.182330938
Curryetal2021a,RatCreekTuff,6.449300646,881.6672186,174.2165439,22.62966588,32.13447106,114.9309916,21.78720905,5.488455576,200.7155762,42.65403256,86.97117245,9.917952399,39.34821892,7.703223784,1.035519987,6.198516159,0.823469782,5.652595149,1.089622381,3.297444213,0.441566348,3.22001289,0.476894334,4.489110305,1.414993942,22.85248386,12.57177959,5.152532478
Curryetal2021a,RatCreekTuff,5.680091185,859.3278868,175.3852881,26.9549585,32.27599967,115.2399243,21.67938721,5.535203726,221.8415718,41.32180962,84.1266373,10.08087043,36.80930556,6.947725662,0.974478702,6.081782084,0.971663688,5.557348088,1.104237196,3.116880134,0.479126055,3.285351487,0.502353808,4.545460924,1.457342306,23.34373381,12.9648726,5.217329998
Curryetal2021a,RatCreekTuff,9.355720087,842.689396,175.3885464,29.06350774,29.12271578,107.987518,22.06178799,5.843986273,229.9964906,38.22567426,79.74354229,9.332835671,34.181785,6.714698548,0.887273354,5.070283368,0.852103237,5.048165287,0.944727608,3.056943359,0.432338745,2.961822452,0.433012421,3.996305022,1.771847814,34.78073409,11.30043056,4.821432016
Curryetal2021a,RatCreekTuff,8.371893603,889.9652291,177.0792202,32.30667487,35.7946212,123.2107019,21.9290966,5.413199996,258.6624166,45.03950694,91.99212121,11.09475431,42.25227981,8.265542091,1.12464974,6.183945662,0.924749698,6.600222905,1.218998323,3.581066469,0.546071279,3.67575282,0.521433747,4.351003816,1.456825432,24.65592459,13.40021533,5.270577557
Curryetal2021a,RatCreekTuff,9.141647627,838.1274212,179.9275935,31.57788924,26.45802981,133.3754099,20.49959556,5.606979801,126.4296593,52.53414172,99.90189973,10.63545881,37.26026823,6.292177205,0.671397483,4.892499212,0.715086525,4.289802568,0.886959843,2.774489896,0.386193799,2.955234921,0.43316104,4.822682677,1.365324666,26.20716294,21.0297322,7.855790511
Curryetal2021a,RatCreekTuff,9.394438333,832.9537873,176.0824918,31.42907346,26.12622806,128.2745442,20.49789823,5.49306627,127.1481565,52.26607853,99.92430309,10.86996302,37.32051328,6.281940634,0.632013081,4.847012465,0.695009437,4.37514062,0.869062378,2.71697272,0.391833676,2.787703416,0.43015896,4.760026418,1.392877243,25.44802494,21.01175037,7.843420423
Curryetal2021a,RatCreekTuff,9.70328998,824.1311407,175.5708433,30.43858053,25.4151307,127.2958218,20.17250875,5.600602054,123.8474006,50.62893584,96.98203678,10.12693808,35.02234951,6.459318556,0.644501455,4.463207005,0.72699974,4.270698346,0.826819264,2.65022682,0.39543086,2.880407301,0.427613929,4.647918415,1.351880165,25.1004686,20.15090697,7.77200742
Curryetal2021a,RatCreekTuff,7.104187628,935.6092644,174.8106621,27.01976614,32.46363424,126.1937142,22.09358597,5.588443316,247.6723591,46.40221476,93.60460902,10.65817409,38.62975796,8.312502202,1.007590079,6.79547256,0.907938099,6.027134188,1.15896621,3.306116175,0.486409288,3.51929258,0.473188643,4.820888268,1.325328027,23.94018344,12.81691364,5.190513045
Curryetal2021a,RatCreekTuff,14.82770168,880.2909679,172.4295083,33.68200602,34.06717134,126.9475363,22.09148296,5.427060342,293.445434,45.32458752,90.86272982,10.50569587,39.0355443,7.012686015,1.010367942,6.839461543,0.891468984,5.920779104,1.134823396,3.513428892,0.456861094,3.298509492,0.464256653,5.125295324,1.369801403,25.38169334,13.0981502,5.108742099
Curryetal2021a,RatCreekTuff,11.15728278,828.4377616,178.2040667,25.67530351,32.56713696,113.8026569,21.73487746,5.538052554,216.8663663,41.18890415,85.40129058,9.976939696,38.23346398,7.858770535,1.021662348,6.253217116,0.874939619,5.563832595,1.156619383,3.194401847,0.510349921,3.15751699,0.513320832,4.423534588,1.463417701,21.09316515,12.62997899,5.230385312
Curryetal2021a,RatCreekTuff,13.50847943,892.1752493,178.2826012,35.7533661,32.03027055,123.723421,21.71076778,5.27251551,304.9387875,44.27171682,89.52333959,10.34905267,39.80688209,7.887887386,1.044133969,5.775541505,0.949847251,5.580445053,1.128341956,3.272999476,0.486659679,3.468352657,0.49871819,4.624255743,1.387749848,22.5926785,12.86279286,4.990217488
Curryetal2021a,RatCreekTuff,16.07999456,872.9400696,174.5477274,24.96675404,32.36843001,125.1493346,22.02210499,5.533072114,202.3827981,43.75330412,87.18625343,10.10130507,36.81633919,7.357226655,0.934805461,6.129016141,0.930468384,5.59024635,1.139682618,3.305243479,0.453042738,3.38994271,0.473248573,4.63355499,1.415787192,22.65428887,12.86306006,5.009476039
Curryetal2021a,RatCreekTuff,16.22062115,802.535207,178.406037,33.80070536,25.24050533,128.5542322,20.33082877,5.411787758,131.5532158,50.19205574,94.85158673,10.24956143,33.88413855,5.966239703,0.706121987,4.77080854,0.63035873,4.035394626,0.881007799,2.74706779,0.436054283,2.913954721,0.434008667,4.596252233,1.391081485,25.56457325,20.96243779,7.648877059
Sliwinskietal2019,NelsonMountainTuff,7.7,671,139.8,22.91,25.45,84.4,17.2,4.23,198.3,31.97,67.3,7.68,28.1,6.05,0.65,4.26,0.754,4.37,0.841,2.21,0.372,2.84,0.366,3.37,1.099,21.2,9.73,4.14
Sliwinskietal2019,NelsonMountainTuff,4.2,681,138,24,25.2,86.7,17.3,3.95,197.2,30.9,63.6,7.7,27,5.19,0.645,3.88,0.74,4.51,0.82,2.83,0.315,2.69,0.339,3.34,0.998,18.5,9.89,3.86
Sliwinskietal2019,NelsonMountainTuff,9.2,685,134.5,28.54,21.28,100.7,16.4,4.35,110,42,79.7,8.35,28.7,5.49,0.57,3.22,0.489,3.2,0.662,1.99,0.304,2.05,0.359,3.38,1.143,21.9,17.06,6.54
Sliwinskietal2019,NelsonMountainTuff,12.4,769,117.1,104.9,22.92,111,16.46,3.85,875,33.83,68.1,7.9,28.5,6.09,0.83,4.94,0.65,3.76,0.825,2.44,0.348,2.31,0.338,3.99,1.013,16.14,9.45,4.19
Sliwinskietal2019,NelsonMountainTuff,6.6,671,137.3,23.38,25.87,85.8,17.38,4.3,198.4,33.06,67.7,7.96,29.9,5.84,0.66,4.67,0.677,4.6,0.93,2.48,0.361,2.86,0.372,3.38,1.095,19.37,9.69,4.17
Sliwinskietal2019,NelsonMountainTuff,6.9,680,138.7,22.49,26.04,87.2,17.73,4.43,199.8,32.97,68.3,8.03,28.3,5.79,0.9,4.84,0.681,4.55,0.978,2.82,0.432,2.51,0.386,3.25,1.06,19.8,10.24,4.22
Sliwinskietal2019,NelsonMountainTuff,5.6,696,140.8,22.88,25.73,87,17.76,4.35,204.2,32.91,69.5,7.87,29.5,5.89,0.751,4.67,0.702,4.2,0.867,2.68,0.357,2.43,0.336,3.74,1.095,19.02,10.16,4.05
Sliwinskietal2019,NelsonMountainTuff,9.8,687,148,30.4,21.45,105.7,17.15,4.66,100.3,42.2,81.3,8.45,29.6,5.29,0.58,3.66,0.54,3.6,0.726,2.16,0.33,2.49,0.335,3.47,1.132,21.59,17.06,6.34
Sliwinskietal2019,RatCreekTuff,8.7,668,184.6,14.87,21.8,84.5,17.8,5.7,150.8,30.3,64.7,7.16,24.3,4.96,0.6,3.6,0.52,3.8,0.71,1.86,0.197,2.14,0.304,2.81,0.87,19.8,8.47,3.82
Sliwinskietal2019,RatCreekTuff,6.8,810,149.7,26.8,27.8,104.7,19.78,4.51,207,38.8,79.4,8.95,33.5,6.54,1.13,5,0.706,5.31,1.028,3.24,0.409,2.76,0.436,3.84,1.178,20.84,11.53,4.55
Sliwinskietal2019,RatCreekTuff,7.6,746,167.5,32.2,26.42,95,18.35,4.67,215,36.1,72.2,8.29,30.5,6.32,0.93,4.53,0.63,3.85,0.746,2.53,0.351,2.37,0.327,3.7,1,17.58,9.82,4.15
Sliwinskietal2019,RatCreekTuff,6.3,839,155.5,16.9,30.4,106.3,19.8,4.91,166.3,38.7,79.2,9.59,33.9,6.7,0.79,5.48,0.82,4.76,1.04,2.45,0.454,3.15,0.419,3.8,1.35,19.53,11.35,4.74
Sliwinskietal2019,RatCreekTuff,7.9,724,144.6,77,24.9,92.8,17.19,4.36,387,35.43,70.7,7.94,28.6,5.97,0.98,4.23,0.662,4.35,0.75,2.69,0.372,2.63,0.38,3.32,1.142,19.21,9.81,3.94
Sliwinskietal2019,RatCreekTuff,22.6,738,187.5,38.2,19.3,88.7,18.9,5.13,245,27,54.2,5.65,28.4,3.44,0.4,2.97,0.39,2.72,0.64,1.87,0.257,1.84,0.255,3.27,1.22,24,8.16,3.69
Sliwinskietal2019,RatCreekTuff,8.8,821,186.8,27.4,27.2,111.6,20.79,5.44,234.4,38.2,78.5,8.98,34.1,6.57,0.68,4.59,0.79,4.74,0.825,2.5,0.355,2.96,0.438,4.25,1.19,17.26,10.5,4.68
Sliwinskietal2019,RatCreekTuff,6.4,803,154.1,55.3,27.31,105.7,19.55,4.53,460,37.89,77.5,8.67,31.7,6.68,1.21,5.2,0.812,4.09,0.87,3.08,0.368,3.09,0.389,4.18,1.15,19.2,10.63,4.42
Sliwinskietal2019,RatCreekTuff,28,1255,177,103.8,26.96,181.3,18.95,4.58,1287,46.9,95.2,10.67,40.6,7.53,1.43,5.1,0.85,4.37,1,2.55,0.351,2.56,0.418,5.26,1.05,26.4,10.25,3.82
Sliwinskietal2019,RatCreekTuff,9.3,1231,159.2,100.2,26.5,178,19.1,4.48,1075,47,94.8,10.9,39.1,7.3,1.21,5.21,0.71,4.92,0.781,2.89,0.437,2.88,0.425,5.21,1.04,31.8,10.22,3.85
Sliwinskietal2019,RatCreekTuff,6.8,722,171.2,70,23.27,85.7,17.85,5.03,809,32.4,67.4,7.76,30.3,4.89,0.69,4.65,0.54,3.94,0.89,2.13,0.358,2.95,0.389,3.12,1.1,24.03,9.7,4.29
Sliwinskietal2019,RatCreekTuff,13.5,1393,128,189.4,20.14,212.3,15.02,3.51,1884,41.3,80.1,8.98,32.9,5.49,1.38,4.27,0.589,3.82,0.553,2.01,0.287,1.7,0.315,5.1,0.774,24.48,7.06,2.72
Sliwinskietal2019,RatCreekTuff,8.5,1454,126.4,186.8,22.18,210.3,16.37,3.39,2159,47.13,94.9,10.51,37.25,6.47,1.73,4.96,0.645,4.03,0.722,2.1,0.331,2.3,0.363,5.74,0.934,28.37,9.05,3.306
Sliwinskietal2019,RatCreekTuff,19,1439,118.9,185.6,20.3,212.4,16.42,3.19,2140,45.3,91.3,10.01,35.7,5.51,1.53,4.4,0.626,4.12,0.744,1.97,0.321,2.28,0.355,5.91,0.948,26.52,8.61,3.32
Sliwinskietal2019,RatCreekTuff,41.4,1371,140.2,174.4,21.34,210,15.34,3.72,2193,44.6,84,9.84,33.7,6.63,1.12,4.29,0.62,3.72,0.67,2.06,0.294,2.12,0.325,5.46,0.902,22.7,8.12,2.83
Sliwinskietal2019,RatCreekTuff,8.1,1386,127.2,184.4,22.58,206.5,16.55,3.323,2104,47.07,94.4,10.4,37.54,6.72,1.655,5.12,0.726,4.18,0.82,2.28,0.338,2.36,0.355,5.57,0.937,26.18,8.95,3.55
Sliwinskietal2019,RatCreekTuff,39.6,1433,126.5,179.4,21.81,215.5,16.98,3.59,2164,49.4,88.8,10.92,40.2,6.76,1.61,4.86,0.671,4.2,0.788,2.35,0.31,2.5,0.331,5.96,0.958,23.86,9.6,3.21
Sliwinskietal2019,RatCreekTuff,33,1370,142.3,173,16.1,198,18.1,4.19,1850,37.7,76.7,8.5,30.3,5.4,0.9,3.8,0.41,3.1,0.47,1.4,0.173,1.13,0.304,5.32,0.79,63.4,7,2.73
Sliwinskietal2019,RatCreekTuff,16.7,757,165.7,32.4,24.58,105.2,18.55,4.86,246.9,36.3,63.9,8.46,30.6,5.93,0.78,4.42,0.667,4.14,0.8,2.2,0.36,2.41,0.361,3.83,1.066,28,10.96,3.88
Sliwinskietal2019,RatCreekTuff,6,705,174.3,25.1,25.86,93.5,18.04,5.3,230,31.3,66.4,7.69,28.14,5.89,0.636,4.07,0.747,4.02,0.801,2.6,0.353,2.38,0.377,3.29,1.111,15.47,10,4.12
Sliwinskietal2019,RatCreekTuff,6,727,157,26.2,26.1,95.2,17.1,4.51,217,31.7,68.8,7.97,28.6,5.88,0.69,3.77,0.731,3.93,0.83,2.43,0.382,2.31,0.392,3.12,1.07,17.37,10.71,4.31
Sliwinskietal2019,RatCreekTuff,5.73,748,152.4,22.45,25.58,94.7,19.05,4.86,206.1,33.39,73.8,8.22,30.39,6.26,0.723,4.41,0.729,4.47,0.854,2.52,0.426,2.66,0.394,3.4,1.139,21.4,10.4,4.53
Sliwinskietal2019,RatCreekTuff,20.5,821,159.4,30.6,24.8,95.4,19.84,4.78,192.3,32.7,73.4,8.83,30.5,6.49,1.13,4.57,0.681,4.44,0.828,2.28,0.419,2.35,0.336,3.45,1.176,17.29,8.18,3.78
Sliwinskietal2019,RatCreekTuff,4.55,688,173.6,23.1,23.6,93.5,18.94,5.21,194.4,31.58,67.3,7.75,28.3,5.23,0.588,4.31,0.601,3.93,0.825,2.26,0.318,2.45,0.314,3.24,1.086,18.27,9.61,4.14
Sliwinskietal2019,RatCreekTuff,4,690,142.1,32.7,23.35,87.2,17.49,4.72,211,29.39,64.6,7.42,27.05,4.95,0.81,4.13,0.632,3.71,0.656,2.32,0.323,2.38,0.315,3.07,1.061,17.5,8.6,3.81
Sliwinskietal2019,RatCreekTuff,7,740,152.8,21.81,24.63,93.8,18.98,4.67,198.3,31.8,68.6,7.73,29.7,5.38,0.542,4.45,0.696,4.05,0.848,2.47,0.375,2.44,0.326,3.04,1.128,15.19,9.79,4.27
Sliwinskietal2019,RatCreekTuff,12,890,293,41.5,23.3,98.1,19.8,9.7,336,27.9,58,6.63,24.8,4.26,0.71,2.9,0.51,3.23,0.64,1.65,0.54,1.48,0.36,3.84,0.96,17.5,8.8,4.1
Sliwinskietal2019,RatCreekTuff,16.3,656,196,31.3,21.6,94,17.85,5.41,227,29.1,56.1,7.23,24,4.56,0.54,3.12,0.54,3.65,0.74,1.84,0.27,1.77,0.319,2.86,1.05,14,8.37,3.69
Bachmannetal2005,FishCanyonTuff,42.897,NA,184.899,94.903,7.011,83.677,14.172,5.049,337.883,36.045,45.672,NA,11.002,1.74,0.321,0.919,NA,0.885,NA,0.555,NA,0.981,NA,3.13,1.025,20.015,22.937,8.453
Bachmannetal2005,FishCanyonTuff,34.376,NA,181.781,94.214,6.793,83.42,13.606,5.244,338.98,35.512,47.439,NA,10.145,1.102,0.257,1.197,NA,0.945,NA,0.585,NA,1.276,NA,2.922,1.109,20.626,22.572,8.394
Bachmannetal2005,FishCanyonTuff,20.281,NA,185.258,95.194,6.821,85.503,14.011,5.396,340.35,36.914,46.356,NA,10.021,1.369,0.354,1.453,NA,0.815,NA,0.897,NA,1.27,NA,2.982,1.075,20.546,23.092,8.677
Bachmannetal2005,FishCanyonTuff,25.906,NA,186.349,92.861,7.083,81.855,14.075,5.367,336.104,35.677,45.172,NA,10.706,1.29,0.305,1.542,NA,1.19,NA,0.674,NA,1.101,NA,2.532,1.078,21.015,22.596,8.416
Bachmannetal2005,FishCanyonTuff,19.354,NA,188.626,92.551,6.785,83.489,14.386,5.131,327.571,35.742,45.395,NA,10.429,1.319,0.348,0.994,NA,1.077,NA,0.818,NA,1.277,NA,3.039,1.008,20.994,22.413,8.651
Bachmannetal2005,FishCanyonTuff,34.998,NA,185.734,93.518,7.165,79.895,13.987,5.349,339.071,35.692,45.526,NA,9.845,1.184,0.315,0.726,NA,0.797,NA,0.668,NA,1.052,NA,2.853,1.128,21.209,22.532,8.817
Bachmannetal2005,FishCanyonTuff,35.485,NA,188.464,91.856,6.6,80.059,13.954,5.493,339.692,35.417,46.258,NA,10.143,1.459,0.271,1.162,NA,0.853,NA,0.683,NA,1.019,NA,2.505,1,22.396,23.104,8.672
Bachmannetal2005,FishCanyonTuff,22.805,NA,178.676,92.44,7.075,82.121,14.483,5.177,330.564,35.544,46.119,NA,10.417,1.147,0.26,1.148,NA,0.879,NA,0.785,NA,1.332,NA,2.575,0.994,20.106,22.726,8.056
Bachmannetal2005,FishCanyonTuff,37.078,NA,177.28,95.371,6.871,84.064,14.837,5.134,334.915,37.456,46.725,NA,10.869,1.528,0.334,1.117,NA,0.922,NA,0.651,NA,0.978,NA,3.049,0.997,20.707,22.856,8.295
Bachmannetal2005,FishCanyonTuff,34.601,NA,176.009,92.575,6.94,82.944,14.206,5.07,336.613,36.654,46.512,NA,10.383,1.189,0.234,0.946,NA,0.884,NA,0.623,NA,1.178,NA,2.707,1.038,20.428,23.05,8.391
Bachmannetal2005,FishCanyonTuff,25.229,NA,179.833,93.37,6.402,84.175,14.604,5.168,334.605,36.872,45.411,NA,9.527,1.426,0.23,1.187,NA,0.916,NA,0.732,NA,0.972,NA,3.66,0.935,20.516,23.167,8.393
Bachmannetal2005,FishCanyonTuff,31.953,NA,178.219,94.952,7.764,85.495,14.98,5.019,338.267,36.857,46.6,NA,12.098,1.281,0.371,1.216,NA,0.765,NA,0.658,NA,1.365,NA,3.236,1.176,20.881,23.972,8.351
Bachmannetal2005,FishCanyonTuff,24.051,NA,180.748,88.824,6.729,80.567,14.968,5.045,333.611,36.214,46.099,NA,10.726,1.305,0.253,1.206,NA,0.94,NA,0.674,NA,0.861,NA,2.914,1.039,21.362,23.12,8.438
Bachmannetal2005,FishCanyonTuff,29.077,NA,181.952,95.167,6.96,84.535,14.335,5.329,340.982,35.483,46.375,NA,11.551,1.447,0.341,0.907,NA,0.803,NA,0.716,NA,0.993,NA,3.46,1.015,20.778,23.67,8.384
Bachmannetal2005,FishCanyonTuff,21.512,NA,180.466,92.6,6.856,81.558,15.417,5.309,332.949,35.166,45.704,NA,10.426,1.752,0.247,1.043,NA,0.996,NA,0.733,NA,0.932,NA,3.018,1.082,21.029,22.77,8.431
Bachmannetal2005,FishCanyonTuff,44.705,NA,182.344,92.428,6.573,82.021,15.038,5.307,334.915,37.257,45.559,NA,10.206,1.705,0.222,0.953,NA,0.905,NA,0.711,NA,1.036,NA,2.864,1.112,22.034,22.401,8.588
Bachmannetal2005,FishCanyonTuff,34.46,NA,183.506,92.071,6.992,80.684,14.816,5.418,333.723,36.435,46.463,NA,9.707,1.118,0.213,1.253,NA,0.723,NA,0.704,NA,1.19,NA,2.832,1.002,21.337,22.497,8.742
Bachmannetal2005,FishCanyonTuff,41.913,NA,188.634,0.993,1.008,NA,13.667,4.782,402.338,30.841,43.032,NA,9.046,80.006,0.295,1.212,NA,0.87,NA,0.676,NA,70.896,NA,2.753,19.024,21.594,7.436,5.963
Bachmannetal2005,FishCanyonTuff,34.273,NA,186.485,0.937,0.93,NA,13.41,4.541,415.538,30.367,42.019,NA,8.796,74.664,0.278,1.04,NA,0.778,NA,0.515,NA,69.965,NA,2.605,18.662,20.751,7.343,5.938
Bachmannetal2005,FishCanyonTuff,8.977,NA,189.057,1.028,0.886,NA,13.757,4.784,427.178,29.772,41.373,NA,8.728,76.526,0.254,1.237,NA,0.672,NA,0.562,NA,70.302,NA,2.12,19.112,21.431,7.365,5.81
Bachmannetal2005,FishCanyonTuff,29.37,NA,185.981,0.964,1.005,NA,13.213,4.709,412.811,28.873,40.046,NA,8.667,73.439,0.249,0.984,NA,0.809,NA,0.566,NA,69.497,NA,2.374,18.37,22.619,7.505,5.456
Bachmannetal2005,FishCanyonTuff,7.729,NA,184.517,1.027,0.834,NA,13.136,4.597,409.184,28.778,38.971,NA,8.167,75.701,0.31,0.895,NA,0.716,NA,0.589,NA,67.387,NA,2.259,17.692,22.081,7.163,5.521
Bachmannetal2005,FishCanyonTuff,47.661,NA,186.032,0.961,1.012,NA,13.332,4.652,418.255,28.339,39.979,NA,7.954,76.724,0.295,1.113,NA,0.713,NA,0.582,NA,67.556,NA,2.266,17.719,22.25,7.265,5.415
Bachmannetal2005,FishCanyonTuff,27.339,NA,184.445,1.031,0.962,NA,13.361,4.53,429.15,28.686,39.761,NA,8.946,78.441,0.322,1.062,NA,0.753,NA,0.603,NA,68.3,NA,2.319,18.055,23.464,7.305,5.805
Bachmannetal2005,FishCanyonTuff,46.172,NA,186.853,0.982,0.932,NA,13.948,4.713,408.861,30.011,40.969,NA,8.678,79.366,0.301,0.965,NA,0.858,NA,0.592,NA,69.723,NA,2.586,18.375,22.291,7.431,5.746
Bachmannetal2005,FishCanyonTuff,26.889,NA,186.805,1.014,0.853,NA,13.693,4.795,422.001,30.671,41.486,NA,9.03,77.53,0.286,1.101,NA,0.766,NA,0.659,NA,71.156,NA,2.306,18.636,20.46,7.305,5.972
Bachmannetal2005,FishCanyonTuff,50.348,NA,186.105,0.931,1.034,NA,13.59,4.731,402.728,29.749,40.447,NA,8.411,75.734,0.259,1.095,NA,0.673,NA,0.455,NA,69.538,NA,2.537,18.615,21.193,7.336,5.815
Bachmannetal2005,FishCanyonTuff,52.567,NA,185.673,0.958,0.929,NA,13.808,4.721,416.993,30.644,41.025,NA,8.108,77.013,0.313,1.06,NA,0.728,NA,0.646,NA,72.684,NA,2.211,19.317,21.304,7.481,6.042
Bachmannetal2005,FishCanyonTuff,48.787,NA,187.921,0.975,0.881,NA,13.857,4.704,405.343,30.985,41.076,NA,8.754,79.285,0.253,1.041,NA,0.748,NA,0.602,NA,72.862,NA,2.297,19.296,20.418,7.605,5.983
